Lcom/bytedance/corecamera/camera/basic/PureCameraFragment;->O(ILandroid/widget/RelativeLayout$LayoutParams;ZZLandroid/graphics/RectF;)V	8758312704482d6dcdbedd0354075febd3e4febdf302ae7916a9d6baa6f499f2
Lcom/bytedance/corecamera/ui/view/CameraShadeView$d;->a(Lcom/bytedance/corecamera/ui/view/CameraShadeView$c;)V	24905f1eb63932e17a45601ab7026e0e47c63b5b58917fe1efe03603c5fa1171
Lcom/bytedance/corecamera/ui/view/CameraShadeView$h;->b(Lcom/bytedance/corecamera/ui/view/CameraShadeView;)V	aa469d3379a5776329a96d8ea6f2dbe66e7accc4ec6a764d5c8aab7034596747
Li/o/a/b1/a/d/b;->g(IIZ)V	38dc5a34b38d75d09f559ef4c60334bf4022c3286406a059a452478e61156257
Li/o/a/b1/a/d/b;->h(Li/o/a/b1/a/d/b;IIZ)V	83cabc9fbd311f9d0e66a7df9c726e0b9dbf29a720c9396b02995e45e8705cb8
Li/o/a/b1/a/g/y;->D(IIIZZ)V	4be676db9c7d4b7b39204a469f22e17c6d6cb2ad0d3744a5c7d40a526172f16d
Li/o/a/b1/a/g/y;->h2(IIIZZ)V	04b58a70c9a6417a171e2abb6ba536120dee1b41f7318b07afa606855654fb23
Li/o/a/m/j/f;->j(IIIZZ)V	5672edbf96fa640a4e475bc8f433c662319a9df2b5313136f446d489a22f92f5
Li/o/a/m/j/f;->k(IZ)V	aec3dec6b02fdeaab46cb40b7ef66ac05119eabaa65c0473eb4f489edcac76cf
Li/o/a/m/j/f;->l(Li/o/a/m/j/f;IZ)V	c6a6f575b78afe5d0ed6fc45fbdde0377f4c0dc95bffb4cbf3eaf9b14d01b370
Li/o/a/m/j/f;->m(IIIZ)V	64d87048de22127bc61679e4ba8537f8888eacfa0466c4f04db43d00f042a971
