Lcom/ss/android/vesdk/TECameraVideoRecorder$11;->run()V	45446f91fc68aa59697a93d855efb6afb50f51ef6ffd3697116817abb3b93ac0
Lcom/ss/android/vesdk/TECameraVideoRecorder;->notifyRecState(IILjava/lang/String;)V	fbdd4a9906a0711d2fcabac397c0b0125b4e116f5b6db14998cc1c11baf69b69
Lcom/ss/android/vesdk/TECameraVideoRecorder;->onDestroy()V	f628e17151cbd6a0dc53fb82812c261956dffc0050cbc5c89d52e63720db48e9
Lcom/ss/android/vesdk/TECameraVideoRecorder;->onPause()V	41f8be04eb8a7b4163b4f0c4547b067dfc94524bfd7279201f9539e471b6a793
Lcom/ss/android/vesdk/TECameraVideoRecorder;->startPreview(Landroid/view/Surface;)V	6bbd1094338d8e595fadb0065b27a68a74347b34f07d6da9e00095e7e21502fe
Lcom/ss/android/vesdk/TECameraVideoRecorder;->startPreviewAsync(Landroid/view/Surface;Lcom/ss/android/vesdk/VEListener$VECallListener;)V	c845a09e5354aa3b0a1cebb03f7a031b54a77e34b832fc1f2e485139faf9ef1e
Lcom/ss/android/vesdk/TECameraVideoRecorder;->stopPreview()V	38b68794147409144a3e951df75ff05fc288216776d185af11f2cd2efeeec958
Lcom/ss/android/vesdk/TECameraVideoRecorder;->stopPreviewAsync(Lcom/ss/android/vesdk/VEListener$VECallListener;Z)V	953a6175a990033af95729685acd29416ad77b7a9f5392b9d995e40801d6bc9f
Lcom/ss/android/vesdk/TECameraVideoRecorder;->surfaceCreated(Landroid/view/Surface;)V	6670fe1398ab8186e665d237a7672a1e260ab63b19d6f9ffc494dd4ae7434ce8
Lcom/ss/android/vesdk/TECameraVideoRecorder;->surfaceDestroyed(Landroid/view/Surface;)V	c90078f8e22de08205a06f6089b40de7911f08e59a8e31dfcf025b17ca31421f
