CHANGED	Lcom/hiro/ulike/BackExit185;->request(Landroid/app/Activity;)V	33c99363100c8bee269cdf32a07cb278c79160cf4878d7ba5422e33e1ff8359f	8adeca5ea04b17161752ab7ed11cf569ae447f2a4c83308f94fbe6359d11034b
ADDED_BRIDGE	Lcom/hiro/ulike/BackExit185;->requestOnMain1920(Lcom/hiro/ulike/BackExit185;Landroid/app/Activity;)V
ATOMIC_CALLBACK_TIMEOUT_ARBITRATION	Lcom/hiro/ulike/CaptureAdvanced3$1;->onConfigured(Landroid/hardware/camera2/CameraCaptureSession;)V
ADDED_TIMEOUT_TOKEN	Lcom/hiro/ulike/CaptureAdvanced3$State;
WRAPPED_UNCHANGED_CORE	Lcom/hiro/ulike/CaptureAdvanced3;->session(Ljava/lang/Object;Landroid/hardware/camera2/CameraDevice;Landroid/hardware/camera2/params/SessionConfiguration;)V	ec10f2c324b4b836160b8f207063faf703043c9869d7f30d0a5800cf1b81b164
ADDED_BRIDGE	Lcom/hiro/ulike/CaptureAdvanced3;->state1920(Ljava/lang/Object;)Lcom/hiro/ulike/CaptureAdvanced3$State;
ADDED_BRIDGE	Lcom/hiro/ulike/CaptureAdvanced3;->current1920(Ljava/lang/Object;Lcom/hiro/ulike/CaptureAdvanced3$State;)Z
ADDED_BRIDGE	Lcom/hiro/ulike/CaptureAdvanced3;->retry1920(Ljava/lang/Object;Lcom/hiro/ulike/CaptureAdvanced3$State;Ljava/lang/Throwable;)V
CHANGED	Lapp/hiro/ulike/patches/UlikeHqMaxPatch;-><clinit>()V	367e906a492d0fed1ca55e2e6039eaf8f552db0865e5fdb6a9b00e9fd8056265	bff6b7f3dac97e8cb4085c1a90c7b1239eca99d7454da18d2736077535315ec2
PASS	other_app_classes_unchanged=220	unchanged_runtime_classes=212	helper_classes_added=5	native_camera_callback_recipient_preserved=true;atomic_timeout_arbitration_added=true	device_tested=false	black_screen_cause_confirmed=false
