5aa550977993867a7010ac3e304e40b4fff703572e394ee9142213569c97e3dc	complete_integration169/runtime/src/com/hiro/ulike/integration169/AppHook169.java
1d2395a0ae2d287d454b4aeb912988da39f3fa9980fc3bbf6f04b7f79c13332f	complete_integration169/runtime/src/com/hiro/ulike/integration169/CameraBridge169.java
c96835534710ffadc67b7063e45db18af8b28c1558dd989ab7369ecc7f1bd9c4	complete_integration169/runtime/src/com/hiro/ulike/integration169/CandidateGate169.java
4df58cacb5081844c60b6f85a994eda389bfde14013165e714f659cf8dd60b9f	complete_integration169/runtime/src/com/hiro/ulike/integration169/SavedUriHandoff169.java
88ff018945fffa317aaab7bba911e5e83597d2dbb77a27d88d5530fe17238fd0	hdr_rebuild167/core/android_beauty_image/src/hiro/ulike/beauty/BeautyImageEngine.java
f1fc61763e03b8fcd87d9a863ad5ff9cd6caa87ae78a98cd7b20e3e9246a2f76	hdr_rebuild167/core/android_beauty_image/src/hiro/ulike/beauty/PinnedAssets.java
a944271b92d08e79d1ecde19f7203643f0205a7731bb8bcb94ea0e7783db9382	hdr_rebuild167/core/android_beauty_image/src/hiro/ulike/beauty/PreparedNeuralLayer.java
4bdf8414cd2dbf6e043e9fc794e0c7fad766594183d05198cf9490b6858f5f1a	hdr_rebuild167/core/android_capture/src/android/java/com/hiro/ulike/hdr/capture/android/HlgStillSource.java
a7d682dd2b168efe598a11c89c6d0f9aace4dbd6210960113adda0d05c5908ca	hdr_rebuild167/core/android_capture/src/main/java/com/hiro/ulike/hdr/capture/CapturePolicy.java
adf4929109861956c96bf7f685c8dbf6e99c9f695c2511161ce9abf9be799a13	hdr_rebuild167/core/android_capture/src/main/java/com/hiro/ulike/hdr/capture/StillJoin.java
81047e91f23b2706e3cba783f0af7884475ec26cb930c5d42de1e8a58144ff2a	hdr_rebuild167/core/android_encoder/src/main/java/com/hiro/ulike/hdr/encoder/AndroidMain10Encoder.java
a091776de8b6547062566eb11251add16833cdd442da32e8cdfbbf9e7f22ad74	hdr_rebuild167/core/android_encoder/src/main/java/com/hiro/ulike/hdr/encoder/EncoderChoice.java
b58692181eade676535fe4fd5d3ef35b1424f4a5caa7b4b376a133a4ed263942	hdr_rebuild167/core/android_encoder/src/main/java/com/hiro/ulike/hdr/encoder/HevcProof.java
93a27ad4826dcee50a82b6625a4c6fd51653c961f714a067e606a79dfd257664	hdr_rebuild167/core/android_encoder/src/main/java/com/hiro/ulike/hdr/encoder/P010Frame.java
540fab7b041fd8e9a19f33e40ed0825ba5d0dc79e4e8ccb6d2cf26a00ad16e31	hdr_rebuild167/core/android_face_backend/src/main/java/com/hiro/ulike/hdr/faceprobe/OwnedRenderPixels.java
f00135eb754bea09dd0eceb790942c66eca021a76229a929830b341b8bc7d9be	hdr_rebuild167/core/android_face_backend/src/main/java/com/hiro/ulike/hdr/faceprobe/PixelOrientationEvidence.java
6b7c5783717e0aee9082f373e42bed0edfa63aabbbe99fbdf9e2640230b79572	hdr_rebuild167/core/android_face_backend/src/main/java/com/hiro/ulike/hdr/faceprobe/ProbeLedger.java
a3289f2f8d660aabbc0e86b47d3cf08771116adb3413576dbfeaf6706d060b4f	hdr_rebuild167/core/android_face_backend/src/main/java/com/hiro/ulike/hdr/faceprobe/StockSdkIdentity.java
c795dbcb2302e0eaba84dc299915e5ff86f67df7a34d6fbbdfb73cff7a428957	hdr_rebuild167/core/android_face_backend/src/main/java/com/hiro/ulike/hdr/faceprobe/StockStillFaceProbe.java
7b1d9c1c443566b47fa5fc93dc1b676e0e611e70d0eeaca054a3d4b027224138	hdr_rebuild167/core/android_gainmap_codec/src/main/java/com/hiro/ulike/hdr/gainmapcodec/CodecSelection.java
b752e8440012140acad79dc0a4503dc55e8fbe60880fd4d7f2b89aa8c8a0387b	hdr_rebuild167/core/android_gainmap_codec/src/main/java/com/hiro/ulike/hdr/gainmapcodec/ColorP010.java
49cc9f53261ca69c4b72a3f274773cc62f289455c0ddf26a19c8fd99d8a17b12	hdr_rebuild167/core/android_gainmap_codec/src/main/java/com/hiro/ulike/hdr/gainmapcodec/Main10Codec.java
4cc8d4c59eee57ca62145e048861715ed75ddc4031baa2782f972d52adf8c62f	hdr_rebuild167/core/android_gainmap_codec/src/main/java/com/hiro/ulike/hdr/gainmapcodec/RoleHevcProof.java
0b18c4b07c072d2c7789e25a61104be3f010ee4f1bbdb41b1ca5dca51270f8ec	hdr_rebuild167/core/android_gainmap_codec/src/main/java/com/hiro/ulike/hdr/gainmapcodec/RoleParameterSets.java
5775745eab934eba86a9db8508a80356c6f6fa4d909f6d4664b0446f125fe07b	hdr_rebuild167/core/android_gainmap_save/src/main/java/com/hiro/ulike/hdr/gainmap/AndroidGainmapCodec.java
5a5c998d234c55139fdec8e4e3a14ccba0a03b80c9bf2ed53cadd622975267b8	hdr_rebuild167/core/android_gainmap_save/src/main/java/com/hiro/ulike/hdr/gainmap/GainmapContainer.java
687f6adcc8c9baa4e211d8ca63504c77c4f32e78df4dcb6f4d53b04e207b4852	hdr_rebuild167/core/android_gainmap_save/src/main/java/com/hiro/ulike/hdr/gainmap/GainmapHevcProof.java
af2d05a01db33080663d9e79dc8d169771d31827d815ea266c9fa7fd97299406	hdr_rebuild167/core/android_gainmap_save/src/main/java/com/hiro/ulike/hdr/gainmap/GainmapMath.java
e28ebf65e37ec78457fa4fcf447e6762260060080af32248eee49b22c620b042	hdr_rebuild167/core/android_gainmap_save/src/main/java/com/hiro/ulike/hdr/gainmap/GainmapSave.java
1c67a9ec6811ee7a4bb9e453b63d73a49af6fbcebd6bc6a61f2fcbcfed4bdb4e	hdr_rebuild167/core/android_gainmap_save/src/main/java/com/hiro/ulike/hdr/gainmap/IsoMetadata.java
f06782f8c4055c1a754f4bb7e81c879bb47cca8b0e1446057c3ca565695307d8	hdr_rebuild167/core/android_gainmap_save/src/main/java/com/hiro/ulike/hdr/gainmap/ParameterSets.java
9cc9d38ff58aad4ddb34538e88fa4aa2fe24a5d668b39aecc8ed229ca1f4497c	hdr_rebuild167/core/android_gainmap_save/src/main/java/com/hiro/ulike/hdr/gainmap/Yuv42010.java
63387281505ddbb9655b67f04bf702cddebdd81d5f26006e03184c7e79661c73	hdr_rebuild167/core/android_hdr_beauty/src/com/hiro/ulike/hdr/beauty/HdrAppearance.java
ce096135d99dea40912bd97236d3b342f716ddbd31630b6f5f90de4c6b4a9f80	hdr_rebuild167/core/android_hdr_beauty/src/com/hiro/ulike/hdr/beauty/HdrBeautyProcessor.java
d55a60bf96bb0596ca8ff4a93f997079cf51c108966f30f3d114a66d81ccb02e	hdr_rebuild167/core/android_hdr_color/src/main/java/com/hiro/ulike/hdr/color/P010SceneSource.java
35003a891374b9d72f015a6667cb3bbee4f052cd7c6190832db0bd41c5458015	hdr_rebuild167/core/android_hdr_color/src/main/java/com/hiro/ulike/hdr/color/SdrRendition.java
707e3118bd43a921b8ba7d169df34061135a5e8d18d968c6d29b016e796c9221	hdr_rebuild167/core/android_heif/src/main/java/com/hiro/ulike/hdr/heif/Main10Heif.java
49665c133d56112a14e669ea95daa712c66e6baf3ad430b68332ddf4c544585c	hdr_rebuild167/core/android_heif/src/main/java/com/hiro/ulike/hdr/heif/ParameterSets.java
e6f73673f57dba5bc8257e2653ab95c12f6f5a1c5f9c724cd918d3e771fd4f15	hdr_rebuild167/core/android_model_runtime/src/hiro/ulike/model/AndroidTensorEngine.java
a0cec1f9dcde10322872dcd0647e5fbc626a8823106786bc4106eabf74b63aa7	hdr_rebuild167/core/android_model_runtime/src/hiro/ulike/model/GraphOnnx.java
8398b72f3a619bd957c1e60275a667a047f01942be87bb167c164fe78b7658be	hdr_rebuild167/core/android_model_runtime/src/hiro/ulike/model/OrtTensorEngine.java
a1a38ad2b5095a530bc52e05ff15e5057281800269dd8ea131f5b35040803399	hdr_rebuild167/core/android_model_runtime/src/hiro/ulike/model/PinnedModel.java
eb6e0f92882fdd3c4b0517e202e7ff090cf2d97da8e2a46950526efc70df4f65	hdr_rebuild167/core/android_photo_transaction/src/main/java/com/hiro/ulike/hdr/photo/AndroidPhotoTransaction.java
bc9c7de4838015f3efea41817e3124198fc43cd2990ff391ae7003b704307713	hdr_rebuild167/core/android_photo_transaction/src/main/java/com/hiro/ulike/hdr/photo/GeometryPairWriter.java
0cf3879bad2ac1401d91e28d7676dd09914a747cfdd559ab61913f069ca5b0c7	hdr_rebuild167/core/android_photo_transaction/src/main/java/com/hiro/ulike/hdr/photo/MediaStorePhotos.java
fcf188d2bf19d51c747c932ed43459d7a58a5af469fb0d1288e075866c76bd3c	hdr_rebuild167/core/android_photo_transaction/src/main/java/com/hiro/ulike/hdr/photo/PairedStore.java
964d1a80377f4ac7ae4122e1af185444e69e047e83019c16b01958266869b92a	hdr_rebuild167/core/android_photo_transaction/src/main/java/com/hiro/ulike/hdr/photo/PendingPhotoStore.java
364c6801c5fe2d1371b50ba2486453e136843c737c070bba7e13800b24d1c698	hdr_rebuild167/core/android_photo_transaction/src/main/java/com/hiro/ulike/hdr/photo/PhotoGeometry.java
34a854ea1d7455f0fe1c215960e6872a8908102a82316b28fb665c7ac8ed7611	hdr_rebuild167/core/android_photo_transaction/src/main/java/com/hiro/ulike/hdr/photo/PhotoIdentity.java
084e4bbb94a2ab6653648f422d683c9f25b5b8b08ebde79744a12353d64408ff	hdr_rebuild167/core/android_photo_transaction/src/main/java/com/hiro/ulike/hdr/photo/PhotoTransaction.java
31ce579ca63ac70158febb336071bad7adb9e0ff86dc9a8c912d65d1ad297d72	hdr_rebuild167/core/android_photo_transaction/src/main/java/com/hiro/ulike/hdr/photo/StoredRgb.java
9d444689d4d0d758cb34ac0891aa5f796bc90ded128774326165fed26210c138	hdr_rebuild167/core/android_still_analysis/src/main/java/com/hiro/ulike/hdr/stillanalysis/PausedStockPreview.java
f6a1f9edcdf08a7e637bbe0773afb1f491311484583db280230919937894a9c3	hdr_rebuild167/core/android_still_analysis/src/main/java/com/hiro/ulike/hdr/stillanalysis/RecorderAdmission.java
e8872a8cf8b749ca39842489dfe034eed16c258f577370c857df14a0a3ab760a	hdr_rebuild167/core/android_still_analysis/src/main/java/com/hiro/ulike/hdr/stillanalysis/SdkFaceSnapshot.java
8d343e8a86d870d08380c5017ef73794dba02e88a297548ccf289ce8987d976f	hdr_rebuild167/core/android_still_analysis/src/main/java/com/hiro/ulike/hdr/stillanalysis/StillMessageCollector.java
37036d2d574759a304e7e5800f600fcc9dd3971e877a1046176c08eb85834527	hdr_rebuild167/core/android_still_analysis/src/main/java/com/hiro/ulike/hdr/stillanalysis/StockStillAnalysis.java
ab04511797102ea6501cdd679b97e8625f83a4e3166efd054fd77c236b6ec811	hdr_rebuild167/core/android_style_binding/src/com/hiro/ulike/binding/AuthoredMesh.java
1bac0bd549f777854d056deffcf537c63da2d12233fb137e22864ad766582c1f	hdr_rebuild167/core/android_style_binding/src/com/hiro/ulike/binding/DiagnosticSkinMask.java
2ecc3219a5127f57928854529c7724cd08589f1e026d669e0cbbb41202703dce	hdr_rebuild167/core/android_style_binding/src/com/hiro/ulike/binding/ObservedStyleFrame.java
c4aa8cfa57088118fb78a86a82e383f29bd93b8154157e43f49f96b562265256	hdr_rebuild167/core/android_style_binding/src/com/hiro/ulike/binding/PinnedPngTexture.java
217eaca6b7000a0bef9e19633fa4b8542e3898937e407a2e67d89e2c842167e3	hdr_rebuild167/core/android_style_binding/src/com/hiro/ulike/binding/Purity3dBinding.java
01248584d9d801a01e8da0a459fe9b2095e36554cec5b4731a0ea7f3eff7cc6b	hdr_rebuild167/core/android_style_binding/src/com/hiro/ulike/binding/ShotStyleSettings.java
4325720e6257d4053d5b93f1b917e582d37686fbedfac4d7780cbd88a208ddcb	hdr_rebuild167/core/android_style_binding/src/com/hiro/ulike/binding/SkinMaskProbeInstaller.java
a53c24fd3ef6c82815948ee21bcbbc0f92e63f3e9fa1b3c960a476ed28bdd536	hdr_rebuild167/core/android_style_binding/src/com/hiro/ulike/binding/StyleObserverInstaller.java
2847a634f2bfc431667de5e2659135be8bae65ad4b880ea0cb0bf7d7f1f47522	hdr_rebuild167/core/face_analysis/src/main/java/com/hiro/ulike/hdr/face/StillFaceAnalysis.java
8185e04a0382dd00931fdf1a832626cf406cb343a3bf1ac75bdf69e7dcdbff41	hdr_rebuild167/core/hdr_input/src/android/java/com/hiro/ulike/hdr/input/android/AndroidP010FrameReader.java
df1110d3211766ddb179b4067624d8549f549b31db1ead5fbe03f6281beb4435	hdr_rebuild167/core/hdr_input/src/main/java/com/hiro/ulike/hdr/input/CaptureMatch.java
63fbd7c93cc899b2f046a30ea5064bb741ed08c0f6b3edbbe3a0074e7d957ada	hdr_rebuild167/core/hdr_input/src/main/java/com/hiro/ulike/hdr/input/HdrFrame.java
e79123ebc1be85f2e1fed73c491864ccdda1dbf87e9430963f0b12c3406a0abf	hdr_rebuild167/core/hdr_input/src/main/java/com/hiro/ulike/hdr/input/InputRejected.java
d2ccd836bd2c719d468d43b1d70ff25758728e93cd1804db55f4defe462f43db	hdr_rebuild167/core/hdr_input/src/main/java/com/hiro/ulike/hdr/input/P010FrameReader.java
c0c9370061ca66d7fe034a04eb7c66306b42f79e90c469e544d972e297ebd5f9	hdr_rebuild167/core/style_pipeline/integration/src/com/hiro/ulike/style/integration/PostNeuralStyleSink.java
c309a7eb8a6bcee91fb70a043bdc7bc55b9370cd57cb1235929910707f5d79ad	hdr_rebuild167/core/style_pipeline/src/main/java/com/hiro/ulike/style/SampledMakeupPipeline.java
c904ad20f12a4673b226fde547acd5ed6801aa58a48651a1e20ca7e4d906e813	hdr_rebuild167/core/style_pipeline/src/main/java/com/hiro/ulike/style/StyleLutPipeline.java
