Li/f/l/r/v$a;->onImageError(II)V	521738156f6859ba66c83f5aefdb973ee41335ab8757fe6d93d4793a962ad168
Li/f/l/r/s;->c(II)V	26d964de43971cab911172b31df20e8536d8d499336bb1c0968b4e5423a665a0
Li/f/l/r/s;->b(Landroid/graphics/Bitmap;[B)V	a39ec71bda9a664d66243853a78126736a13dd6c534cd4e50a950d01f451ae18
Li/f/l/r/s;->e()V	5eb4657dcae3b85c9f2e1d126299904bf12a5ef7d4afbb8203044abad116b608
Li/f/l/n/q/y/k;->c(Li/f/l/r/u;)V	25d649d6b122e12b903224b26eb9f68b3f8f2ba5e5bfcf8faac6a7e6998ac49d
Li/f/l/n/q/y/l;->c(Li/f/l/r/u;)V	821ead5ba45b21eded500b78c9fe973faf18ed233047ee6124c1dc368e7fee20
Li/o/a/b1/a/g/y$k;->a()V	4e4e42c25a8a524848444789a7eaa42d535bb1313987d2ca1ec84a6c991b5748
Li/o/a/b1/a/g/y$k;->e(Li/o/a/b1/a/g/y;)V	6e90f909165b5769759981cecb76c1c109a2c52d963648ecdda8dd5d4c867846
Li/o/a/b1/a/g/y$k;->b()V	5314ef651f942f2c41abb992f076f63e51e07462b4c25ccca1c7db99b9cef362
Li/o/a/b1/a/g/y$k;->c(Li/f/l/p/a;)V	1dd5e00d0b476e08b9be2eebbed432b3eecdfb69d71cc066a89c954e4b65a87f
Li/o/a/b1/a/g/y$k;->d()V	9151af9b027d4795b224251c6219c2e8cc55c8cde166942d0e240d4a66a8b3d6
Li/o/a/b1/a/g/y;->A0()Li/o/a/b1/a/e/l;	d3c679ef6dd2921c5f99d77677cb14bdaf8356036d697874c2c8c747e62c1d18
Li/o/a/b1/a/g/y;->R1(Z)V	807f5e68ef40fd8a2863b2930cc51142ed87386364709b5f133d692d60bfbe94
Li/o/a/b1/a/g/y;->Q1(J)V	507f9091103f523df9e6bb1926e8ee344b0afe7f83ba27e2e2cf05b06befb095
Li/o/a/b1/a/g/y;->P0()Li/o/a/b1/a/u/t;	a6419b7860e7dc6eede3dc23e80a9cf08e6b646392497d0410b8314e7b474b4d
Li/o/a/b1/a/e/f;->c()Li/o/a/b1/a/b/e;	186c9852eef17a934d5a9ff884b6a82239c24c32e54e917d6bb8ed11d06de6a8
Li/o/a/b1/a/e/f;->t(Li/o/a/b1/a/e/f;)V	37606d1d67739f18211ea3db975dfdbb81f0b774c474bad3ebb3c21404d77d95
Li/o/a/b1/a/b/c;->i()Li/o/a/b1/a/v/k;	bb2a23548f0bd795de72db8f4af2a7f4f5cb4d1397b446c2b496db7ea91261da
Li/o/a/b1/a/b/c;->k()V	63c3effd45f2b78222ffd9391dd87119cfe7627f196039662b170bacfdc7a46d
Li/o/a/b1/a/b/c;->l(ZILjava/lang/String;Ljava/lang/String;Lorg/json/JSONObject;)V	c8f663f3b6e05c72ab6c104497748d29f480890c2c0ec889c5b1ed8c267121e2
Li/o/a/b1/a/v/h;->m(Ljava/lang/String;)V	c8fbe3a0082f050afdfe2d95a17e8dbfc2f29becd051d398172eb02bc5ea4a20
Li/f/l/u/p;->h(Li/f/l/u/p;Ljava/lang/Object;ZILjava/lang/Object;)V	09fc844a842d7d9a59174761e23b0aeb74c8303a9b975ffcdbc95dc754e77b58
Lcom/bytedance/strategy/persistence/entity/CapturedRecord;->setGenWidth(I)V	d0c519efdbb1f6e8997a05d267dc0601929eb9ce7ce72b7844dab453e628fe9a
Lcom/bytedance/strategy/persistence/entity/CapturedRecord;->setGenHeight(I)V	8e119f505def2f50209709a0d1dc96be1c3c9ec7d7aa834e7836350ff2a065b9
Li/f/l/r/v$a;->c:Li/f/l/r/o;	public
Li/f/l/r/s;->g:Li/f/l/u/g;	public
Li/f/l/r/s;->i:Li/f/l/r/r;	public
Li/f/l/r/s;->h:Li/f/l/r/u;	public
Li/f/l/r/s;->d:Li/f/l/n/n;	public
Li/f/l/n/q/y/k;->b:Li/f/l/t/e;	public
Li/f/l/n/q/y/l;->c:Li/f/l/t/e;	public
Li/o/a/b1/a/g/y$k;->b:Li/o/a/b1/a/g/y;	public
Li/o/a/b1/a/g/y$k;->g:Z	public
Li/o/a/b1/a/g/y$k;->h:Li/f/l/u/j;	public
Li/o/a/b1/a/g/y$k;->f:Lcom/bytedance/strategy/persistence/entity/CapturedRecord;	public
Li/o/a/b1/a/g/y$k;->d:Z	public
