OpticalZoom	inFlight	Ljava/util/concurrent/atomic/AtomicInteger;	26
OpticalZoom	stillUntil	J	74
OpticalZoom	recording	Z	74
CaptureYuv	states	Ljava/util/Map;	26
CaptureYuv$State	delivering	Z	64
CaptureYuv$State	selected	Z	64
CaptureYuv$State	pending	Landroid/media/Image;	0
CaptureYuv$State	captureCallback	Ljava/lang/Object;	64
LensRelease163	LOCK	Ljava/lang/Object;	26
LensRelease163	callbacks	Ljava/util/Map;	26
LensRelease163	nativeCallbacks	Ljava/util/Map;	26
LensRelease163	deliveries	Ljava/util/Map;	26
LensRelease163	stops	Ljava/util/Map;	26
SaveQuality2	confirming	Ljava/util/concurrent/atomic/AtomicBoolean;	26
PhotoDetail	BUSY	Ljava/util/concurrent/atomic/AtomicBoolean;	26
StyleStill4	callbacks	ABSENT	0
