REMOVED_CLASS	Lai/onnxruntime/BuildConfig;
REMOVED_CLASS	Lai/onnxruntime/MapInfo;
REMOVED_CLASS	Lai/onnxruntime/NodeInfo;
REMOVED_CLASS	Lai/onnxruntime/OnnxJavaType$1;
REMOVED_CLASS	Lai/onnxruntime/OnnxJavaType;
REMOVED_CLASS	Lai/onnxruntime/OnnxMap$1;
REMOVED_CLASS	Lai/onnxruntime/OnnxMap$OnnxMapValueType;
REMOVED_CLASS	Lai/onnxruntime/OnnxMap;
REMOVED_CLASS	Lai/onnxruntime/OnnxModelMetadata;
REMOVED_CLASS	Lai/onnxruntime/OnnxRuntime;
REMOVED_CLASS	Lai/onnxruntime/OnnxSequence$1;
REMOVED_CLASS	Lai/onnxruntime/OnnxSequence;
REMOVED_CLASS	Lai/onnxruntime/OnnxSparseTensor$1;
REMOVED_CLASS	Lai/onnxruntime/OnnxSparseTensor$BlockSparseTensor;
REMOVED_CLASS	Lai/onnxruntime/OnnxSparseTensor$COOTensor;
REMOVED_CLASS	Lai/onnxruntime/OnnxSparseTensor$CSRCTensor;
REMOVED_CLASS	Lai/onnxruntime/OnnxSparseTensor$SparseTensor;
REMOVED_CLASS	Lai/onnxruntime/OnnxSparseTensor$SparseTensorType;
REMOVED_CLASS	Lai/onnxruntime/OnnxSparseTensor;
REMOVED_CLASS	Lai/onnxruntime/OnnxTensor$1;
REMOVED_CLASS	Lai/onnxruntime/OnnxTensor;
REMOVED_CLASS	Lai/onnxruntime/OnnxTensorLike;
REMOVED_CLASS	Lai/onnxruntime/OnnxValue$OnnxValueType;
REMOVED_CLASS	Lai/onnxruntime/OnnxValue;
REMOVED_CLASS	Lai/onnxruntime/OrtAllocator;
REMOVED_CLASS	Lai/onnxruntime/OrtEnvironment$OrtCompiledModelCompatibility;
REMOVED_CLASS	Lai/onnxruntime/OrtEnvironment$OrtEnvCloser;
REMOVED_CLASS	Lai/onnxruntime/OrtEnvironment$ThreadingOptions;
REMOVED_CLASS	Lai/onnxruntime/OrtEnvironment;
REMOVED_CLASS	Lai/onnxruntime/OrtEpDevice;
REMOVED_CLASS	Lai/onnxruntime/OrtException$OrtErrorCode;
REMOVED_CLASS	Lai/onnxruntime/OrtException;
REMOVED_CLASS	Lai/onnxruntime/OrtFlags;
REMOVED_CLASS	Lai/onnxruntime/OrtHardwareDevice$OrtHardwareDeviceType;
REMOVED_CLASS	Lai/onnxruntime/OrtHardwareDevice;
REMOVED_CLASS	Lai/onnxruntime/OrtLoggingLevel;
REMOVED_CLASS	Lai/onnxruntime/OrtLoraAdapter;
REMOVED_CLASS	Lai/onnxruntime/OrtModelCompilationOptions$OrtCompileApiFlags;
REMOVED_CLASS	Lai/onnxruntime/OrtModelCompilationOptions;
REMOVED_CLASS	Lai/onnxruntime/OrtProvider;
REMOVED_CLASS	Lai/onnxruntime/OrtProviderOptions$1;
REMOVED_CLASS	Lai/onnxruntime/OrtProviderOptions$OrtProviderSupplier;
REMOVED_CLASS	Lai/onnxruntime/OrtProviderOptions;
REMOVED_CLASS	Lai/onnxruntime/OrtSession$Result;
REMOVED_CLASS	Lai/onnxruntime/OrtSession$RunOptions;
REMOVED_CLASS	Lai/onnxruntime/OrtSession$SessionOptions$ExecutionMode;
REMOVED_CLASS	Lai/onnxruntime/OrtSession$SessionOptions$OptLevel;
REMOVED_CLASS	Lai/onnxruntime/OrtSession$SessionOptions;
REMOVED_CLASS	Lai/onnxruntime/OrtSession;
REMOVED_CLASS	Lai/onnxruntime/OrtTrainingSession$OrtCheckpointState;
REMOVED_CLASS	Lai/onnxruntime/OrtTrainingSession;
REMOVED_CLASS	Lai/onnxruntime/OrtUtil$1;
REMOVED_CLASS	Lai/onnxruntime/OrtUtil$BufferTuple;
REMOVED_CLASS	Lai/onnxruntime/OrtUtil;
REMOVED_CLASS	Lai/onnxruntime/SequenceInfo;
REMOVED_CLASS	Lai/onnxruntime/TelemetryInitializer;
REMOVED_CLASS	Lai/onnxruntime/TensorInfo$$ExternalSyntheticLambda0;
REMOVED_CLASS	Lai/onnxruntime/TensorInfo$1;
REMOVED_CLASS	Lai/onnxruntime/TensorInfo$OnnxTensorType;
REMOVED_CLASS	Lai/onnxruntime/TensorInfo;
REMOVED_CLASS	Lai/onnxruntime/ValueInfo;
REMOVED_CLASS	Lai/onnxruntime/platform/Fp16Conversions;
REMOVED_CLASS	Lai/onnxruntime/providers/CoreMLFlags;
REMOVED_CLASS	Lai/onnxruntime/providers/NNAPIFlags;
REMOVED_CLASS	Lai/onnxruntime/providers/OrtCUDAProviderOptions$$ExternalSyntheticLambda0;
REMOVED_CLASS	Lai/onnxruntime/providers/OrtCUDAProviderOptions;
REMOVED_CLASS	Lai/onnxruntime/providers/OrtTensorRTProviderOptions$$ExternalSyntheticLambda0;
REMOVED_CLASS	Lai/onnxruntime/providers/OrtTensorRTProviderOptions;
REMOVED_CLASS	Lai/onnxruntime/providers/StringConfigProviderOptions$$ExternalSyntheticLambda0;
REMOVED_CLASS	Lai/onnxruntime/providers/StringConfigProviderOptions;
REMOVED_CLASS	Lai/onnxruntime/telemetry/ConnectivityCallback;
REMOVED_CLASS	Lai/onnxruntime/telemetry/HttpClient$Configuration$Default;
REMOVED_CLASS	Lai/onnxruntime/telemetry/HttpClient$Configuration;
REMOVED_CLASS	Lai/onnxruntime/telemetry/HttpClient$FutureShim;
REMOVED_CLASS	Lai/onnxruntime/telemetry/HttpClient;
REMOVED_CLASS	Lai/onnxruntime/telemetry/HttpClientRequest$Factory$AndroidUrlConnection;
REMOVED_CLASS	Lai/onnxruntime/telemetry/HttpClientRequest$Factory;
REMOVED_CLASS	Lai/onnxruntime/telemetry/HttpClientRequest$HeaderEntry;
REMOVED_CLASS	Lai/onnxruntime/telemetry/HttpClientRequest$Headers;
REMOVED_CLASS	Lai/onnxruntime/telemetry/HttpClientRequest;
REMOVED_CLASS	Lai/onnxruntime/telemetry/PowerInfoReceiver;
REMOVED_CLASS	Lai/onnxruntime/telemetry/Request;
CHANGED	Lcom/hiro/ulike/BackExit185;->request(Landroid/app/Activity;)V	settings_gate_then_unchanged_camera_exit
CHANGED	Lcom/hiro/ulike/CaptureInput163;->prepareCamera1(Ljava/lang/Object;Ljava/lang/Object;)V	6_instruction_sites
REMOVED_CLASS	Lcom/hiro/ulike/CaptureYuv$$ExternalSyntheticLambda2;
REMOVED_CLASS	Lcom/hiro/ulike/CaptureYuv$$ExternalSyntheticLambda3;
CHANGED	Lcom/hiro/ulike/CaptureYuv$1;->onConfigureFailed(Landroid/hardware/camera2/CameraCaptureSession;)V	1_instruction_sites
CHANGED	Lcom/hiro/ulike/CaptureYuv$1;->onConfigured(Landroid/hardware/camera2/CameraCaptureSession;)V	1_instruction_sites
CHANGED	Lcom/hiro/ulike/CaptureYuv;-><clinit>()V	2_instruction_sites
REMOVED_METHOD	Lcom/hiro/ulike/CaptureYuv;->access$100(Ljava/lang/String;)V
CHANGED	Lcom/hiro/ulike/CaptureYuv;->failImage(Ljava/lang/Object;Lcom/hiro/ulike/CaptureYuv$State;JLjava/lang/Throwable;)V	1_instruction_sites
CHANGED	Lcom/hiro/ulike/CaptureYuv;->fallback(Ljava/lang/Object;Lcom/hiro/ulike/CaptureYuv$State;Ljava/lang/String;)V	2_instruction_sites
CHANGED	Lcom/hiro/ulike/CaptureYuv;->init(Landroid/content/Context;)V	6_instruction_sites
CHANGED	Lcom/hiro/ulike/CaptureYuv;->install(Landroid/preference/PreferenceActivity;)V	12_instruction_sites
REMOVED_METHOD	Lcom/hiro/ulike/CaptureYuv;->lambda$install$5(Landroid/preference/PreferenceActivity;Landroid/content/DialogInterface;I)V
REMOVED_METHOD	Lcom/hiro/ulike/CaptureYuv;->lambda$install$6(Landroid/preference/PreferenceActivity;Landroid/preference/Preference;)Z
REMOVED_METHOD	Lcom/hiro/ulike/CaptureYuv;->note(Ljava/lang/String;)V
CHANGED	Lcom/hiro/ulike/CaptureYuv;->reader(Ljava/lang/Object;Landroid/media/ImageReader;)Landroid/media/ImageReader;	4_instruction_sites
CHANGED	Lcom/hiro/ulike/CaptureYuv;->received(Ljava/lang/Object;Landroid/media/Image;Landroid/hardware/camera2/CaptureResult;)V	4_instruction_sites
REMOVED_METHOD	Lcom/hiro/ulike/CaptureYuv;->reportInput(Ljava/lang/String;)V
REMOVED_METHOD	Lcom/hiro/ulike/CaptureYuv;->resultDetails(Landroid/hardware/camera2/CaptureResult;)Ljava/lang/String;
CHANGED	Lcom/hiro/ulike/CaptureYuv;->session(Ljava/lang/Object;Landroid/hardware/camera2/CameraDevice;Landroid/hardware/camera2/params/SessionConfiguration;)V	2_instruction_sites
REMOVED_FIELD	Lcom/hiro/ulike/CaptureYuv;->status:Ljava/lang/String;
REMOVED_CLASS	Lcom/hiro/ulike/FacePrecision3$1;
REMOVED_CLASS	Lcom/hiro/ulike/FacePrecision3;
REMOVED_CLASS	Lcom/hiro/ulike/FacePrecisionPolicy;
REMOVED_CLASS	Lcom/hiro/ulike/ModelExport168$1$1;
REMOVED_CLASS	Lcom/hiro/ulike/ModelExport168$1$2;
REMOVED_CLASS	Lcom/hiro/ulike/ModelExport168$1;
REMOVED_CLASS	Lcom/hiro/ulike/ModelExport168$2$1;
REMOVED_CLASS	Lcom/hiro/ulike/ModelExport168$2$2;
REMOVED_CLASS	Lcom/hiro/ulike/ModelExport168$2;
REMOVED_CLASS	Lcom/hiro/ulike/ModelExport168;
REMOVED_CLASS	Lcom/hiro/ulike/ModelFiles168$Assets;
REMOVED_CLASS	Lcom/hiro/ulike/ModelFiles168$Cancelled;
REMOVED_CLASS	Lcom/hiro/ulike/ModelFiles168$Limits;
REMOVED_CLASS	Lcom/hiro/ulike/ModelFiles168$Rejected;
REMOVED_CLASS	Lcom/hiro/ulike/ModelFiles168$Result;
REMOVED_CLASS	Lcom/hiro/ulike/ModelFiles168$Stopped;
REMOVED_CLASS	Lcom/hiro/ulike/ModelFiles168;
REMOVED_CLASS	Lcom/hiro/ulike/ModelLookup168$Observation;
REMOVED_CLASS	Lcom/hiro/ulike/ModelLookup168$Snapshot;
REMOVED_CLASS	Lcom/hiro/ulike/ModelLookup168;
REMOVED_CLASS	Lcom/hiro/ulike/StyleExport163$1$1;
REMOVED_CLASS	Lcom/hiro/ulike/StyleExport163$1$2;
REMOVED_CLASS	Lcom/hiro/ulike/StyleExport163$1;
REMOVED_CLASS	Lcom/hiro/ulike/StyleExport163$2$1;
REMOVED_CLASS	Lcom/hiro/ulike/StyleExport163$2;
REMOVED_CLASS	Lcom/hiro/ulike/StyleExport163;
REMOVED_CLASS	Lcom/hiro/ulike/StyleExport164$1$1;
REMOVED_CLASS	Lcom/hiro/ulike/StyleExport164$1$2;
REMOVED_CLASS	Lcom/hiro/ulike/StyleExport164$1;
REMOVED_CLASS	Lcom/hiro/ulike/StyleExport164$2$1;
REMOVED_CLASS	Lcom/hiro/ulike/StyleExport164$2;
REMOVED_CLASS	Lcom/hiro/ulike/StyleExport164;
REMOVED_CLASS	Lcom/hiro/ulike/StyleMaterial163$$ExternalSyntheticLambda0;
REMOVED_CLASS	Lcom/hiro/ulike/StyleMaterial163$AssetSource;
REMOVED_CLASS	Lcom/hiro/ulike/StyleMaterial163$Result;
REMOVED_CLASS	Lcom/hiro/ulike/StyleMaterial163;
REMOVED_CLASS	Lcom/hiro/ulike/StyleMaterial164$$ExternalSyntheticLambda0;
REMOVED_CLASS	Lcom/hiro/ulike/StyleMaterial164$AssetSource;
REMOVED_CLASS	Lcom/hiro/ulike/StyleMaterial164$Result;
REMOVED_CLASS	Lcom/hiro/ulike/StyleMaterial164$TrustedRoot;
REMOVED_CLASS	Lcom/hiro/ulike/StyleMaterial164;
REMOVED_CLASS	Lcom/hiro/ulike/StyleSnapshot163$Snapshot;
REMOVED_CLASS	Lcom/hiro/ulike/StyleSnapshot163$State;
REMOVED_CLASS	Lcom/hiro/ulike/StyleSnapshot163$Token;
REMOVED_CLASS	Lcom/hiro/ulike/StyleSnapshot163;
REMOVED_CLASS	Lcom/hiro/ulike/StyleSnapshot164$Snapshot;
REMOVED_CLASS	Lcom/hiro/ulike/StyleSnapshot164$State;
REMOVED_CLASS	Lcom/hiro/ulike/StyleSnapshot164$Token;
REMOVED_CLASS	Lcom/hiro/ulike/StyleSnapshot164;
REMOVED_CLASS	Lcom/hiro/ulike/StyleStill4$2$1;
REMOVED_CLASS	Lcom/hiro/ulike/StyleStill4$2;
CHANGED	Lcom/hiro/ulike/StyleStill4$Capture;-><init>(Ljava/lang/Object;JLjava/lang/String;)V	capture_token_no_diagnostic_fields
REMOVED_FIELD	Lcom/hiro/ulike/StyleStill4$Capture;->composer:Ljava/lang/String;
REMOVED_FIELD	Lcom/hiro/ulike/StyleStill4$Capture;->composerRevision:J
REMOVED_FIELD	Lcom/hiro/ulike/StyleStill4$Capture;->id:J
REMOVED_FIELD	Lcom/hiro/ulike/StyleStill4$Capture;->label:Ljava/lang/String;
REMOVED_CLASS	Lcom/hiro/ulike/StyleStill4$ComposerHistory;
REMOVED_CLASS	Lcom/hiro/ulike/StyleStill4$ComposerToken;
CHANGED	Lcom/hiro/ulike/StyleStill4;-><clinit>()V	8_instruction_sites
REMOVED_METHOD	Lcom/hiro/ulike/StyleStill4;->access$000()Ljava/util/Map;
REMOVED_METHOD	Lcom/hiro/ulike/StyleStill4;->access$100(Lcom/hiro/ulike/StyleStill4$ComposerHistory;)Ljava/lang/String;
CHANGED	Lcom/hiro/ulike/StyleStill4;->choose(Ljava/lang/Object;Ljava/lang/Object;)Z	47_instruction_sites
REMOVED_METHOD	Lcom/hiro/ulike/StyleStill4;->composerBegin(Ljava/lang/Object;Ljava/lang/String;[Ljava/lang/String;)Ljava/lang/Object;
REMOVED_METHOD	Lcom/hiro/ulike/StyleStill4;->composerReplaceBegin(Ljava/lang/Object;[Ljava/lang/String;[Ljava/lang/String;)Ljava/lang/Object;
REMOVED_METHOD	Lcom/hiro/ulike/StyleStill4;->composerResult(Ljava/lang/Object;I)V
REMOVED_METHOD	Lcom/hiro/ulike/StyleStill4;->composerStatus(Ljava/lang/Object;)Ljava/lang/String;
REMOVED_METHOD	Lcom/hiro/ulike/StyleStill4;->composerSummary(Lcom/hiro/ulike/StyleStill4$ComposerHistory;)Ljava/lang/String;
CHANGED	Lcom/hiro/ulike/StyleStill4;->configureRequest(Ljava/lang/Object;Ljava/lang/Object;)Z	62_instruction_sites
REMOVED_METHOD	Lcom/hiro/ulike/StyleStill4;->delivered(Ljava/lang/Object;Ljava/lang/Object;Ljava/lang/Object;)V
REMOVED_METHOD	Lcom/hiro/ulike/StyleStill4;->failed(Ljava/lang/Object;I)V
REMOVED_METHOD	Lcom/hiro/ulike/StyleStill4;->init(Landroid/content/Context;)V
REMOVED_METHOD	Lcom/hiro/ulike/StyleStill4;->install(Landroid/preference/PreferenceActivity;)V
REMOVED_METHOD	Lcom/hiro/ulike/StyleStill4;->lastStatus()Ljava/lang/String;
REMOVED_METHOD	Lcom/hiro/ulike/StyleStill4;->nodes([Ljava/lang/String;)Ljava/lang/String;
REMOVED_METHOD	Lcom/hiro/ulike/StyleStill4;->note(Ljava/lang/String;)V
REMOVED_METHOD	Lcom/hiro/ulike/StyleStill4;->noteCapture(Lcom/hiro/ulike/StyleStill4$Capture;Ljava/lang/String;)V
REMOVED_METHOD	Lcom/hiro/ulike/StyleStill4;->observe(Ljava/lang/Object;)V
REMOVED_FIELD	Lcom/hiro/ulike/StyleStill4;->callbacks:Ljava/util/Map;
REMOVED_FIELD	Lcom/hiro/ulike/StyleStill4;->composers:Ljava/util/Map;
REMOVED_FIELD	Lcom/hiro/ulike/StyleStill4;->latestCapture:J
REMOVED_FIELD	Lcom/hiro/ulike/StyleStill4;->nextCapture:J
REMOVED_FIELD	Lcom/hiro/ulike/StyleStill4;->prefs:Landroid/content/SharedPreferences;
REMOVED_FIELD	Lcom/hiro/ulike/StyleStill4;->status:Ljava/lang/String;
REMOVED_CLASS	Lcom/hiro/ulike/TrialModelAccess181$1;
REMOVED_CLASS	Lcom/hiro/ulike/TrialModelAccess181$ObservedModel;
REMOVED_CLASS	Lcom/hiro/ulike/TrialModelAccess181;
REMOVED_CLASS	Lcom/hiro/ulike/readback/NativeDrawCapture$1;
REMOVED_CLASS	Lcom/hiro/ulike/readback/NativeDrawCapture$Result;
REMOVED_CLASS	Lcom/hiro/ulike/readback/NativeDrawCapture$Token;
REMOVED_CLASS	Lcom/hiro/ulike/readback/NativeDrawCapture;
REMOVED_CLASS	Lcom/hiro/ulike/trial181/TrialDiagnostics181$$ExternalSyntheticLambda0;
REMOVED_CLASS	Lcom/hiro/ulike/trial181/TrialDiagnostics181$$ExternalSyntheticLambda1;
REMOVED_CLASS	Lcom/hiro/ulike/trial181/TrialDiagnostics181$$ExternalSyntheticLambda2;
REMOVED_CLASS	Lcom/hiro/ulike/trial181/TrialDiagnostics181$$ExternalSyntheticLambda3;
REMOVED_CLASS	Lcom/hiro/ulike/trial181/TrialDiagnostics181$$ExternalSyntheticLambda4;
REMOVED_CLASS	Lcom/hiro/ulike/trial181/TrialDiagnostics181$$ExternalSyntheticLambda5;
REMOVED_CLASS	Lcom/hiro/ulike/trial181/TrialDiagnostics181;
REMOVED_CLASS	Lcom/hiro/ulike/trial181/TrialNativeInputs181$1;
REMOVED_CLASS	Lcom/hiro/ulike/trial181/TrialNativeInputs181;
REMOVED_CLASS	Lcom/hiro/ulike/trial181/TrialTensorCheck181$1;
REMOVED_CLASS	Lcom/hiro/ulike/trial181/TrialTensorCheck181$Summary;
REMOVED_CLASS	Lcom/hiro/ulike/trial181/TrialTensorCheck181;
REMOVED_CLASS	Lcom/hiro/ulike/trial182/TrialDiagnostics182$$ExternalSyntheticLambda0;
REMOVED_CLASS	Lcom/hiro/ulike/trial182/TrialDiagnostics182$$ExternalSyntheticLambda10;
REMOVED_CLASS	Lcom/hiro/ulike/trial182/TrialDiagnostics182$$ExternalSyntheticLambda11;
REMOVED_CLASS	Lcom/hiro/ulike/trial182/TrialDiagnostics182$$ExternalSyntheticLambda12;
REMOVED_CLASS	Lcom/hiro/ulike/trial182/TrialDiagnostics182$$ExternalSyntheticLambda13;
REMOVED_CLASS	Lcom/hiro/ulike/trial182/TrialDiagnostics182$$ExternalSyntheticLambda1;
REMOVED_CLASS	Lcom/hiro/ulike/trial182/TrialDiagnostics182$$ExternalSyntheticLambda2;
REMOVED_CLASS	Lcom/hiro/ulike/trial182/TrialDiagnostics182$$ExternalSyntheticLambda3;
REMOVED_CLASS	Lcom/hiro/ulike/trial182/TrialDiagnostics182$$ExternalSyntheticLambda4;
REMOVED_CLASS	Lcom/hiro/ulike/trial182/TrialDiagnostics182$$ExternalSyntheticLambda5;
REMOVED_CLASS	Lcom/hiro/ulike/trial182/TrialDiagnostics182$$ExternalSyntheticLambda6;
REMOVED_CLASS	Lcom/hiro/ulike/trial182/TrialDiagnostics182$$ExternalSyntheticLambda7;
REMOVED_CLASS	Lcom/hiro/ulike/trial182/TrialDiagnostics182$$ExternalSyntheticLambda8;
REMOVED_CLASS	Lcom/hiro/ulike/trial182/TrialDiagnostics182$$ExternalSyntheticLambda9;
REMOVED_CLASS	Lcom/hiro/ulike/trial182/TrialDiagnostics182;
REMOVED_CLASS	Lhiro/ulike/model/AndroidTensorEngine;
REMOVED_CLASS	Lhiro/ulike/model/GraphOnnx$Edge;
REMOVED_CLASS	Lhiro/ulike/model/GraphOnnx$Proto;
REMOVED_CLASS	Lhiro/ulike/model/GraphOnnx;
REMOVED_CLASS	Lhiro/ulike/model/OrtTensorEngine;
REMOVED_CLASS	Lhiro/ulike/model/PinnedModel$CompiledModel;
REMOVED_CLASS	Lhiro/ulike/model/PinnedModel$Cursor;
REMOVED_CLASS	Lhiro/ulike/model/PinnedModel$Decoded;
REMOVED_CLASS	Lhiro/ulike/model/PinnedModel$Style;
REMOVED_CLASS	Lhiro/ulike/model/PinnedModel;
CHANGED	Lcom/light/beauty/basisplatform/appsetting/AppSettingsActivity;->onCreate(Landroid/os/Bundle;)V	2_instruction_sites
CHANGED	Lcom/light/beauty/data/FuApplication;->attachBaseContext(Landroid/content/Context;)V	1_instruction_sites
CHANGED	Lcom/light/beauty/data/FuApplication;->onCreate()V	1_instruction_sites
CHANGED	Lcom/ss/android/vesdk/VERecorder;->appendComposerNodes([Ljava/lang/String;I)I	6_instruction_sites
CHANGED	Lcom/ss/android/vesdk/VERecorder;->appendComposerNodesWithTag([Ljava/lang/String;I[Ljava/lang/String;)I	8_instruction_sites
CHANGED	Lcom/ss/android/vesdk/VERecorder;->reloadComposerNodes([Ljava/lang/String;I)I	6_instruction_sites
CHANGED	Lcom/ss/android/vesdk/VERecorder;->reloadComposerNodesWithTag([Ljava/lang/String;I[Ljava/lang/String;)I	8_instruction_sites
CHANGED	Lcom/ss/android/vesdk/VERecorder;->removeComposerNodes([Ljava/lang/String;I)I	6_instruction_sites
CHANGED	Lcom/ss/android/vesdk/VERecorder;->replaceComposerNodes([Ljava/lang/String;I[Ljava/lang/String;I)I	6_instruction_sites
CHANGED	Lcom/ss/android/vesdk/VERecorder;->replaceComposerNodesWithTag([Ljava/lang/String;I[Ljava/lang/String;I[Ljava/lang/String;)I	6_instruction_sites
CHANGED	Lcom/ss/android/vesdk/VERecorder;->setComposerMode(II)I	3_instruction_sites
CHANGED	Lcom/ss/android/vesdk/VERecorder;->setComposerNodes([Ljava/lang/String;I)I	6_instruction_sites
CHANGED	Lcom/ss/android/vesdk/VERecorder;->setComposerNodesWithTag([Ljava/lang/String;I[Ljava/lang/String;)I	8_instruction_sites
CHANGED	Lcom/ss/android/vesdk/VERecorder;->setComposerResourcePath(Ljava/lang/String;)I	3_instruction_sites
CHANGED	Lcom/ss/android/vesdk/VERecorder;->updateComposerNode(Ljava/lang/String;Ljava/lang/String;F)I	3_instruction_sites
CHANGED	Lcom/ss/android/vesdk/VERecorder;->updateMultiComposerNodes(I[Ljava/lang/String;[Ljava/lang/String;[F)I	4_instruction_sites
CHANGED	Lcom/ss/android/vesdk/runtime/VEEffectConfig;->configEffect(Ljava/lang/String;Ljava/lang/String;)V	1_instruction_sites
CHANGED	Lcom/ss/android/vesdk/runtime/VEEffectConfig;->setABConfigValue(Ljava/lang/String;Ljava/lang/Object;I)V	2_instruction_sites
CHANGED	Lcom/ss/ugc/effectplatform/algorithm/AlgorithmModelResourceFinder;->findResourceUri(Ljava/lang/String;Ljava/lang/String;)Ljava/lang/String;	1_instruction_sites
CHANGED	Li/f/l/n/q/y/c;->k0(Li/f/l/t/e;)V	1_instruction_sites
CHANGED	Li/f/l/r/v$a;->onImageError(II)V	1_instruction_sites
CHANGED	Li/f/l/r/v$a;->onImageRenderSuccess(Landroid/graphics/Bitmap;Lcom/ss/android/ttve/model/VEFrame;)V	1_instruction_sites
REMOVED_CLASS	Lapp/hiro/ulike/patches/IntegrationPayload181$$ExternalSyntheticLambda0;
REMOVED_CLASS	Lapp/hiro/ulike/patches/IntegrationPayload181$$ExternalSyntheticLambda1;
REMOVED_CLASS	Lapp/hiro/ulike/patches/IntegrationPayload181$Payload;
REMOVED_CLASS	Lapp/hiro/ulike/patches/IntegrationPayload181$Resolver;
REMOVED_CLASS	Lapp/hiro/ulike/patches/IntegrationPayload181;
REMOVED_CLASS	Lapp/hiro/ulike/patches/IntegrationPayload182$$ExternalSyntheticLambda0;
REMOVED_CLASS	Lapp/hiro/ulike/patches/IntegrationPayload182$$ExternalSyntheticLambda1;
REMOVED_CLASS	Lapp/hiro/ulike/patches/IntegrationPayload182$Payload;
REMOVED_CLASS	Lapp/hiro/ulike/patches/IntegrationPayload182$Resolver;
REMOVED_CLASS	Lapp/hiro/ulike/patches/IntegrationPayload182;
CHANGED	Lapp/hiro/ulike/patches/UlikeHqMaxPatch;-><clinit>()V	1_instruction_sites
CHANGED	Lapp/hiro/ulike/patches/UlikeHqMaxPatch;->applyAssets(Lapp/morphe/patcher/patch/ResourcePatchContext;)V	2_instruction_sites
PASS	removed_classes=191	runtime_classes=226	stock_methods=170	ulike_loader_classes=13	other_app_classes_unchanged=220
