PASS	Lcom/hiro/ulike/BackExit185;->request(Landroid/app/Activity;)V
PASS	Lcom/hiro/ulike/CaptureInput163;->prepareCamera1(Ljava/lang/Object;Ljava/lang/Object;)V
PASS	Lcom/hiro/ulike/CaptureYuv$1;->onConfigureFailed(Landroid/hardware/camera2/CameraCaptureSession;)V
PASS	Lcom/hiro/ulike/CaptureYuv$1;->onConfigured(Landroid/hardware/camera2/CameraCaptureSession;)V
PASS	Lcom/hiro/ulike/CaptureYuv;-><clinit>()V
PASS	Lcom/hiro/ulike/CaptureYuv;->failImage(Ljava/lang/Object;Lcom/hiro/ulike/CaptureYuv$State;JLjava/lang/Throwable;)V
PASS	Lcom/hiro/ulike/CaptureYuv;->fallback(Ljava/lang/Object;Lcom/hiro/ulike/CaptureYuv$State;Ljava/lang/String;)V
PASS	Lcom/hiro/ulike/CaptureYuv;->init(Landroid/content/Context;)V
PASS	Lcom/hiro/ulike/CaptureYuv;->install(Landroid/preference/PreferenceActivity;)V
PASS	Lcom/hiro/ulike/CaptureYuv;->reader(Ljava/lang/Object;Landroid/media/ImageReader;)Landroid/media/ImageReader;
PASS	Lcom/hiro/ulike/CaptureYuv;->received(Ljava/lang/Object;Landroid/media/Image;Landroid/hardware/camera2/CaptureResult;)V
PASS	Lcom/hiro/ulike/CaptureYuv;->session(Ljava/lang/Object;Landroid/hardware/camera2/CameraDevice;Landroid/hardware/camera2/params/SessionConfiguration;)V
PASS	Lcom/hiro/ulike/SettingsReturn1918$1;-><init>(Landroid/app/Activity;)V
PASS	Lcom/hiro/ulike/SettingsReturn1918$1;->run()V
PASS	Lcom/hiro/ulike/SettingsReturn1918;-><init>()V
PASS	Lcom/hiro/ulike/SettingsReturn1918;->returnToCameraIfSettings(Landroid/app/Activity;)Z
PASS	Lcom/hiro/ulike/StyleStill4$Capture;-><init>(Ljava/lang/Object;JLjava/lang/String;)V
PASS	Lcom/hiro/ulike/StyleStill4;-><clinit>()V
PASS	Lcom/hiro/ulike/StyleStill4;->choose(Ljava/lang/Object;Ljava/lang/Object;)Z
PASS	Lcom/hiro/ulike/StyleStill4;->configureRequest(Ljava/lang/Object;Ljava/lang/Object;)Z
PASS	Lcom/light/beauty/basisplatform/appsetting/AppSettingsActivity;->onCreate(Landroid/os/Bundle;)V
PASS	Lcom/light/beauty/data/FuApplication;->attachBaseContext(Landroid/content/Context;)V
PASS	Lcom/light/beauty/data/FuApplication;->onCreate()V
PASS	Lcom/ss/android/vesdk/VERecorder;->appendComposerNodes([Ljava/lang/String;I)I
PASS	Lcom/ss/android/vesdk/VERecorder;->appendComposerNodesWithTag([Ljava/lang/String;I[Ljava/lang/String;)I
PASS	Lcom/ss/android/vesdk/VERecorder;->reloadComposerNodes([Ljava/lang/String;I)I
PASS	Lcom/ss/android/vesdk/VERecorder;->reloadComposerNodesWithTag([Ljava/lang/String;I[Ljava/lang/String;)I
PASS	Lcom/ss/android/vesdk/VERecorder;->removeComposerNodes([Ljava/lang/String;I)I
PASS	Lcom/ss/android/vesdk/VERecorder;->replaceComposerNodes([Ljava/lang/String;I[Ljava/lang/String;I)I
PASS	Lcom/ss/android/vesdk/VERecorder;->replaceComposerNodesWithTag([Ljava/lang/String;I[Ljava/lang/String;I[Ljava/lang/String;)I
PASS	Lcom/ss/android/vesdk/VERecorder;->setComposerMode(II)I
PASS	Lcom/ss/android/vesdk/VERecorder;->setComposerNodes([Ljava/lang/String;I)I
PASS	Lcom/ss/android/vesdk/VERecorder;->setComposerNodesWithTag([Ljava/lang/String;I[Ljava/lang/String;)I
PASS	Lcom/ss/android/vesdk/VERecorder;->setComposerResourcePath(Ljava/lang/String;)I
PASS	Lcom/ss/android/vesdk/VERecorder;->updateComposerNode(Ljava/lang/String;Ljava/lang/String;F)I
PASS	Lcom/ss/android/vesdk/VERecorder;->updateMultiComposerNodes(I[Ljava/lang/String;[Ljava/lang/String;[F)I
PASS	Lcom/ss/android/vesdk/runtime/VEEffectConfig;->configEffect(Ljava/lang/String;Ljava/lang/String;)V
PASS	Lcom/ss/android/vesdk/runtime/VEEffectConfig;->setABConfigValue(Ljava/lang/String;Ljava/lang/Object;I)V
PASS	Lcom/ss/ugc/effectplatform/algorithm/AlgorithmModelResourceFinder;->findResourceUri(Ljava/lang/String;Ljava/lang/String;)Ljava/lang/String;
PASS	Li/f/l/n/q/y/c;->k0(Li/f/l/t/e;)V
PASS	Li/f/l/r/v$a;->onImageError(II)V
PASS	Li/f/l/r/v$a;->onImageRenderSuccess(Landroid/graphics/Bitmap;Lcom/ss/android/ttve/model/VEFrame;)V
SUMMARY	tested=42	failures=0	sdk_signature_provider=android35_jdk21	android_runtime_execution=false
